<?xml version="1.0"?>
<instance entity-name="altera_soft_lvds" version="15.0" >
<generic name="DEVICE_FAMILY" value="MAX 10" />
<generic name="FUNCTIONAL_MODE" value="RX" />
<generic name="NUMBER_OF_CHANNELS" value="4" />
<generic name="DESERIALIZATION_FACTOR" value="8" />
<generic name="USE_EXTERNAL_PLL_UI" value="false" />
<generic name="INPUT_DATA_RATE" value="732.0" />
<generic name="VALID_FREQ" value="366.00" />
<generic name="ENABLE_RX_LOCKED_PORT_UI" value="true" />
<generic name="ENABLE_TX_LOCKED_PORT_UI" value="false" />
<generic name="ENABLE_PLL_ARESET_PORT_UI" value="false" />
<generic name="ENABLE_PLL_TX_DATA_RESET_PORT_UI" value="false" />
<generic name="ENABLE_PLL_RX_DATA_RESET_PORT_UI" value="false" />
<generic name="COMMON_RX_TX_PLL_UI" value="false" />
<generic name="PLL_SELF_RESET_ON_LOSS_LOCK_UI" value="false" />
<generic name="INCLOCK_PERIOD_UI" value="100.0" />
<generic name="PORT_RX_DATA_ALIGN_UI" value="false" />
<generic name="PORT_RX_CHANNEL_DATA_ALIGN_UI" value="false" />
<generic name="PORT_RX_DATA_ALIGN_RESET_UI" value="false" />
<generic name="REGISTERED_DATA_ALIGN_INPUT_UI" value="false" />
<generic name="DATA_ALIGN_ROLLOVER" value="4" />
<generic name="REGISTERED_OUTPUT_UI" value="true" />
<generic name="ENABLE_TX_OUTCLOCK_PORT_UI" value="true" />
<generic name="OUTCLOCK_DIVIDE_BY_UI" value="" />
<generic name="OUTCLOCK_DUTY_CYCLE_UI" value="" />
<generic name="TX_OUTCLOCK_PHASE_SHIFT_UI" value="0.00" />
<generic name="TX_INCLOCK_PHASE_SHIFT_UI" value="0.00" />
<generic name="RX_INCLOCK_PHASE_SHIFT_UI" value="0.00" />
<generic name="RX_OUTCLOCK_PHASE_SHIFT_UI" value="0.00" />
<generic name="REGISTERED_INPUT_ENABLED_UI" value="false" />
<generic name="REGISTERED_INPUT_UI" value="tx_coreclock" />
<generic name="ENABLE_TX_CORECLOCK_PORT_UI" value="false" />
<generic name="OUTCLOCK_RESOURCE_UI" value="Auto selection" />
<generic name="BUFFER_IMPLEMENTATION_RAM_UI" value="false" />
<generic name="BUFFER_IMPLEMENTATION_MUX_UI" value="false" />
<generic name="BUFFER_IMPLEMENTATION_LE_UI" value="false" />
<generic name="IMPLEMENT_IN_LES" value="ON" />
<generic name="CARRY_CHAIN_LENGTH" value="48" />
<generic name="DPA_INITIAL_PHASE_VALUE" value="0" />
<generic name="DPLL_LOCK_COUNT" value="0" />
<generic name="DPLL_LOCK_WINDOW" value="0" />
<generic name="INCLOCK_BOOST" value="0" />
<generic name="SIM_DPA_NET_PPM_VARIATION" value="0" />
<generic name="SIM_DPA_OUTPUT_CLOCK_PHASE_SHIFT" value="0" />
<generic name="CARRY_CHAIN" value="MANUAL" />
<generic name="CYCLONEII_M4K_COMPATIBILITY" value="ON" />
<generic name="ENABLE_DPA_ALIGN_TO_RISING_EDGE_ONLY" value="OFF" />
<generic name="ENABLE_DPA_CALIBRATION" value="ON" />
<generic name="ENABLE_DPA_INITIAL_PHASE_SELECTION" value="OFF" />
<generic name="ENABLE_DPA_MODE" value="OFF" />
<generic name="ENABLE_DPA_PLL_CALIBRATION" value="OFF" />
<generic name="ENABLE_SOFT_CDR_MODE" value="OFF" />
<generic name="INCLOCK_DATA_ALIGNMENT" value="EDGE_ALIGNED" />
<generic name="LOW_POWER_MODE" value="AUTO" />
<generic name="SIM_DPA_IS_NEGATIVE_PPM_DRIFT" value="OFF" />
<generic name="USE_DPLL_RAWPERROR" value="OFF" />
<generic name="USE_NO_PHASE_SHIFT" value="ON" />
<generic name="X_ON_BITSLIP" value="ON" />
<generic name="DIFFERENTIAL_DRIVE" value="0" />
<generic name="ENABLE_CLK_LATENCY" value="OFF" />
<generic name="MULTI_CLOCK" value="OFF" />
<generic name="OUTCLOCK_ALIGNMENT" value="EDGE_ALIGNED" />
<generic name="PLL_COMPENSATION_MODE" value="AUTO" />
<generic name="PREEMPHASIS_SETTING" value="0" />
<generic name="VOD_SETTING" value="0" />
</instance>
